initialOwner,claimant,totalAmount,tgePercentage,cliffDuration,vestingDuration
0xEb1D1BE2FE7291E1Ae0404FbF0405618E20eBE37,0xA96b36F39aE28ef206183F7958f0492470470F30,"200,000",2.50%,6,23
0xEb1D1BE2FE7291E1Ae0404FbF0405618E20eBE37,0xc2EB30BA00514a1B830B7846a8E332A834D73E8b,"1,000,000",2.50%,6,23
0xEb1D1BE2FE7291E1Ae0404FbF0405618E20eBE37,0xe28551451CFee5C5bb6Fd1400F5e4286C5D743be,"2,000,000",2.50%,6,23
0xEb1D1BE2FE7291E1Ae0404FbF0405618E20eBE37,0x311b3bf4541a6A1A57c209a9bDCDcd643279E303,"1,500,000",2.50%,6,23
0xEb1D1BE2FE7291E1Ae0404FbF0405618E20eBE37,0x6857576a4af1Ef5272f45d9b8fD7A80fcAA33AcB,"27,467",2.50%,6,23
0xEb1D1BE2FE7291E1Ae0404FbF0405618E20eBE37,0xAEE51F0d6Ef1D95E7750EEc5759A7b9c63cb6c7d,"774,000",2.50%,6,23
0xEb1D1BE2FE7291E1Ae0404FbF0405618E20eBE37,0x518BeB487D463c60845911437E181F4e286e5253,"200,000",2.50%,6,23
0xEb1D1BE2FE7291E1Ae0404FbF0405618E20eBE37,0x189d649ef027b65a6da4529498b1021cc885668f,"300,000",2.50%,6,23
0xEb1D1BE2FE7291E1Ae0404FbF0405618E20eBE37,0x716D44E890098033d14f416da5Cca06cD45B6A4c,"200,000",2.50%,6,23
0xEb1D1BE2FE7291E1Ae0404FbF0405618E20eBE37,0x70B4aB88caC0A07b44cf8110b3e3B4f59a6E52c6,"1,000,000",2.50%,6,23
0xEb1D1BE2FE7291E1Ae0404FbF0405618E20eBE37,0xcC36c0bb849E9C281D1eB9192BCc512a37b2b64d,"575,167",2.50%,6,23
0xEb1D1BE2FE7291E1Ae0404FbF0405618E20eBE37,0x0A1a435fDeB196860B84763Fa7Ac147EC33E537A,"200,000",2.50%,6,23
0xEb1D1BE2FE7291E1Ae0404FbF0405618E20eBE37,0x14d9e8cfaa2fe88c3e1eeb589b5edfc0a1c08893,"47,367",2.50%,6,23
0xEb1D1BE2FE7291E1Ae0404FbF0405618E20eBE37,0xd48E64058cc8eF3AF75073921B2a9cC4Eb5Bf6aB,"600,000",2.50%,6,23
0xEb1D1BE2FE7291E1Ae0404FbF0405618E20eBE37,0xef30564b15d11ee06063aAcfBE4f0DB84C86441A,"155,033",2.50%,6,23
0xEb1D1BE2FE7291E1Ae0404FbF0405618E20eBE37,0xd04617b3bd5b1Df0A3aF712fc5011cA899222391,"440,000",2.50%,6,23
0xEb1D1BE2FE7291E1Ae0404FbF0405618E20eBE37,0xEb1D1BE2FE7291E1Ae0404FbF0405618E20eBE37,"200,000",2.50%,6,23
0xEb1D1BE2FE7291E1Ae0404FbF0405618E20eBE37,0x810e6F2fe5A23CDDa285CE60991d2C4789A3bbC9,"1,000,000",2.50%,6,23
0xEb1D1BE2FE7291E1Ae0404FbF0405618E20eBE37,0x4b46e3A574bB55C318507fF22634dA1826317a9D,"100,000",2.50%,6,23
0xEb1D1BE2FE7291E1Ae0404FbF0405618E20eBE37,0x80c191FbCf3E6e820a40dEb329A3EF4d35Fc4311,"400,000",2.50%,6,23
0xEb1D1BE2FE7291E1Ae0404FbF0405618E20eBE37,0xc1343e6d2d036909516e7fdd8af30f318c3ac2dc,"1,000,000",2.50%,6,23
0xEb1D1BE2FE7291E1Ae0404FbF0405618E20eBE37,0x7657C05e1F2296e768c2f6d563BD773B88353D51,"300,000",2.50%,6,23
0xEb1D1BE2FE7291E1Ae0404FbF0405618E20eBE37,0xf8338bc0e3da2d59baec66d550716a4f53d4a5b9,"500,000",2.50%,6,23
0xEb1D1BE2FE7291E1Ae0404FbF0405618E20eBE37,0x38367667CC9AF2CE4ea8c4e5B3b79e489ca85c1b,"140,000",2.50%,6,23
0xEb1D1BE2FE7291E1Ae0404FbF0405618E20eBE37,0x82e3c20284eDe1E1F079A6eE6cf05B2b3028914f,"1,000,000",2.50%,6,23
0xEb1D1BE2FE7291E1Ae0404FbF0405618E20eBE37,0xcD9B266E223375858E107dd96D915F1414702d37,"535,000",2.50%,6,23
0xEb1D1BE2FE7291E1Ae0404FbF0405618E20eBE37,0xEb1D1BE2FE7291E1Ae0404FbF0405618E20eBE37,"100,000",2.50%,6,23
0xEb1D1BE2FE7291E1Ae0404FbF0405618E20eBE37,0xEb1D1BE2FE7291E1Ae0404FbF0405618E20eBE37,"500,000",2.50%,6,23
0xEb1D1BE2FE7291E1Ae0404FbF0405618E20eBE37,0x1819da9Dc0742364BC0e18B8B7bEe163E05b36bf,"1,000,000",2.50%,6,23
0xEb1D1BE2FE7291E1Ae0404FbF0405618E20eBE37,0x1c1452369b458Df67097106Ad229BA3b870eC0Fe,"1,000,000",2.50%,6,23
0xEb1D1BE2FE7291E1Ae0404FbF0405618E20eBE37,0x7b1eE629d7F1cFd184Aa4AAc82d3B2276dcF6b90,"240,000",2.50%,6,23
0xEb1D1BE2FE7291E1Ae0404FbF0405618E20eBE37,0xdcF071191b7bd76a5465C653C2c66f474aF4D845,"200,000",2.50%,6,23
0xEb1D1BE2FE7291E1Ae0404FbF0405618E20eBE37,0x555ef83f1dF41a83eB795fD5D14244d5FeFFAb19,"260,000",2.50%,6,23
0xEb1D1BE2FE7291E1Ae0404FbF0405618E20eBE37,0x5A8681cA9efDDa2739A84e84a46FDf3DED1148CA,"600,000",2.50%,6,23
0xEb1D1BE2FE7291E1Ae0404FbF0405618E20eBE37,0x164584f242F8410aEe7b303d7E9fD83dEE29DC65,"200,000",2.50%,6,23
0xEb1D1BE2FE7291E1Ae0404FbF0405618E20eBE37,0xabaEA5fd63923E97D70AE30B8FD043428e0A9557,"120,000",2.50%,6,23
0xEb1D1BE2FE7291E1Ae0404FbF0405618E20eBE37,0x84d45a4D43AF9587BDa7f320a1278874c3154769,"100,000",2.50%,6,23
0xEb1D1BE2FE7291E1Ae0404FbF0405618E20eBE37,0x04D1DdD3A6Ed28c5448C6eEab86856b6A99b5D5a,"5,000,000",2.50%,6,23
0xEb1D1BE2FE7291E1Ae0404FbF0405618E20eBE37,0x5069496D7fE8851FBBaa6C2fd1D05e18834A166C,"700,000",2.50%,6,23
0xEb1D1BE2FE7291E1Ae0404FbF0405618E20eBE37,0x35969aceaB1D19BDDD4190c2d3Ba1AB90217c543,"400,000",2.50%,6,23
0xEb1D1BE2FE7291E1Ae0404FbF0405618E20eBE37,0x67BB6102a8DF156b0837447D629db89D17e101C5,"200,000",2.50%,6,23
0xEb1D1BE2FE7291E1Ae0404FbF0405618E20eBE37,0xcb272c28a52a69ebe4f34349e4eb5377d731f36a,"252,000",2.50%,6,23
0xEb1D1BE2FE7291E1Ae0404FbF0405618E20eBE37,0x3e53AC8169dfF497FE75f59244baa554B71F9E00,"1,000,000",2.50%,6,23
0xEb1D1BE2FE7291E1Ae0404FbF0405618E20eBE37,0x8D66660D06A35D90ab34AD7Ef5257299c892E37D,"200,000",2.50%,6,23
0xEb1D1BE2FE7291E1Ae0404FbF0405618E20eBE37,0x2669679089174185C0e86207746dB112a15429b0,"400,000",2.50%,6,23
0xEb1D1BE2FE7291E1Ae0404FbF0405618E20eBE37,0x528d820b8ca235b04b44f2161d1c4235203e031b,"100,000",2.50%,6,23
0xEb1D1BE2FE7291E1Ae0404FbF0405618E20eBE37,0xaFb16B14E661Bf1e9D7FF7d534C9e08353278f52,"200,000",2.50%,6,23
0xEb1D1BE2FE7291E1Ae0404FbF0405618E20eBE37,0x7ead2abf267a4b9d02271357320f181ca3d705d9,"400,000",2.50%,6,23
0xEb1D1BE2FE7291E1Ae0404FbF0405618E20eBE37,0x9c3B73941c493074b119Af132B116a6512D6Fbb8,"3,000,000",2.50%,6,23
0xEb1D1BE2FE7291E1Ae0404FbF0405618E20eBE37,0xAF682De1193Ed543Bc82cbcFAae8003B0E63Fca9,"1,200,000",2.50%,6,23
0xEb1D1BE2FE7291E1Ae0404FbF0405618E20eBE37,0x27514307ce396a2d924c8f9c3d41b70fda2c7dEb,"200,000",2.50%,6,23
0xEb1D1BE2FE7291E1Ae0404FbF0405618E20eBE37,0x9fDDd443090520062e69C3F54a4251964D69163b,"100,000",2.50%,6,23
0xEb1D1BE2FE7291E1Ae0404FbF0405618E20eBE37,0x9b7f5cc957A39743Cd50188fb1F1f15bb87D616a,"100,000",2.50%,6,23
0xEb1D1BE2FE7291E1Ae0404FbF0405618E20eBE37,0xbd1Aae99F53B21321cBA11B9Ea28167eeE9e99c0,"100,000",2.50%,6,23
0xEb1D1BE2FE7291E1Ae0404FbF0405618E20eBE37,0x85c117161c19400dafAb26C0097B9A2326f7ac68,"100,000",2.50%,6,23
0xEb1D1BE2FE7291E1Ae0404FbF0405618E20eBE37,0xee848b0Dd9B31081867996861455409a8a7ab314,"83,333",2.50%,6,23
0xEb1D1BE2FE7291E1Ae0404FbF0405618E20eBE37,0xe47195fF7caA624eb0eEb5Bcc0D10cad5C1D5572,"100,000",2.50%,6,23
0xEb1D1BE2FE7291E1Ae0404FbF0405618E20eBE37,0x9CA07f88057C2EC93D38670B9B433f853440E2f2,"33,833",2.50%,6,23
0xEb1D1BE2FE7291E1Ae0404FbF0405618E20eBE37,0xA925Af76AC3e53CDF727396755Eb89838484d93b,"13,533",2.50%,6,23
0xEb1D1BE2FE7291E1Ae0404FbF0405618E20eBE37,0xe054d802BD5447187520DCb9584CbB845cf81566,"27,067",2.50%,6,23
0xEb1D1BE2FE7291E1Ae0404FbF0405618E20eBE37,0xa0d00E0A60ec2Ce890CB8f203b048A026be3a00D,"13,533",2.50%,6,23
0xEb1D1BE2FE7291E1Ae0404FbF0405618E20eBE37,0xb47c854E97E0354e2c9fe5c832C9cA7503195BAB,"20,300",2.50%,6,23
0xEb1D1BE2FE7291E1Ae0404FbF0405618E20eBE37,0xBb1DE84F796Ae0d02f722B3B1C6Ac6DF77eC66A6,"9,868,367",2.50%,6,18
0xEb1D1BE2FE7291E1Ae0404FbF0405618E20eBE37,0x3c6f165a02CE5B6263b11057e8ED4F76AaE96021,"9,868,367",2.50%,6,18
0xEb1D1BE2FE7291E1Ae0404FbF0405618E20eBE37,0xEb1D1BE2FE7291E1Ae0404FbF0405618E20eBE37,"328,947",2.50%,6,18
0xEb1D1BE2FE7291E1Ae0404FbF0405618E20eBE37,0x1C84EdcA0c7db0927ae04BCc4a4Cc9f7AFb3b6A8,"657,895",2.50%,6,18
0xEb1D1BE2FE7291E1Ae0404FbF0405618E20eBE37,0x5bD70Be716376AeA94d42D06Ab901565A563cfCC,"1,315,789",2.50%,6,18
0xEb1D1BE2FE7291E1Ae0404FbF0405618E20eBE37,0xcb3e40070F00DC2B4642B70f47dCd8FA5b891EB8,"1,315,789",2.50%,6,18
0xEb1D1BE2FE7291E1Ae0404FbF0405618E20eBE37,0xa50f89381301Decb11F1918586f98c5f2077e3Ca,"1,315,789",2.50%,6,18
0xEb1D1BE2FE7291E1Ae0404FbF0405618E20eBE37,0x47cD7802af92b886Eb4818476a359e7423452D0C,"394,737",2.50%,6,18
0xEb1D1BE2FE7291E1Ae0404FbF0405618E20eBE37,0xeC2F622878650da180b3Dd6E060A507413Ea2EC0,"1,315,789",2.50%,6,18
0xEb1D1BE2FE7291E1Ae0404FbF0405618E20eBE37,0x0d9521c29Bba2A75864BdbBd09F91b45510e32C4,"263,158",2.50%,6,18
0xEb1D1BE2FE7291E1Ae0404FbF0405618E20eBE37,0x5bD70Be716376AeA94d42D06Ab901565A563cfCC,"2,500,000",2.50%,6,18
0xEb1D1BE2FE7291E1Ae0404FbF0405618E20eBE37,0xd34F6a034Ce15f956d330852d7b6B2Cf7B598B67,"263,684",2.50%,6,18
0xEb1D1BE2FE7291E1Ae0404FbF0405618E20eBE37,0x68Fe5fCccc6504FAE59F4b8A52EA06707cFD088e,"640,000",2.50%,6,18
0xEb1D1BE2FE7291E1Ae0404FbF0405618E20eBE37,0xf2813BB3415e59E310dd81a0D4A2812561417ce8,"300,000",2.50%,6,18
0xEb1D1BE2FE7291E1Ae0404FbF0405618E20eBE37,0xf070f51f0CA84B2f0fA1b7cCc1C6760C0cc2B1af,"394,737",2.50%,6,18
0xEb1D1BE2FE7291E1Ae0404FbF0405618E20eBE37,0x505Ffa6194f6e443b86F2028b2a97A588c17b962,"1,000,000",2.50%,6,18
0xEb1D1BE2FE7291E1Ae0404FbF0405618E20eBE37,0x53AC9e771B980b5966862239740657bC7A4B2D03,"2,000,000",2.50%,6,18
0xEb1D1BE2FE7291E1Ae0404FbF0405618E20eBE37,0x47cD7802af92b886Eb4818476a359e7423452D0C,"394,737",2.50%,6,18
0xEb1D1BE2FE7291E1Ae0404FbF0405618E20eBE37,0xb7cEb6CbA7aE3F125480Db4Faef1EdC2DD36db70,"533,333",2.50%,6,18
0xEb1D1BE2FE7291E1Ae0404FbF0405618E20eBE37,0xEb1D1BE2FE7291E1Ae0404FbF0405618E20eBE37,"2,000,000",2.50%,6,18
0xEb1D1BE2FE7291E1Ae0404FbF0405618E20eBE37,0x7E1341CA702eeb2cad2c3A6d7C433a6235A24229,"1,200,000",2.50%,6,18
0xEb1D1BE2FE7291E1Ae0404FbF0405618E20eBE37,0x77d6D98f7fA8607B8b69b4Ed47021fD2a407a181,"1,434,783",0,15,24
0xEb1D1BE2FE7291E1Ae0404FbF0405618E20eBE37,0x29CAa7a393cFE67576F81A8b77A22c7880aF5501,"2,136,781",0,15,24
0xEb1D1BE2FE7291E1Ae0404FbF0405618E20eBE37,0x6aD624975A0D341e7a34678c52D17752D3D57831,"565,890",0,15,24
0xEb1D1BE2FE7291E1Ae0404FbF0405618E20eBE37,0x40a65d57097e72c9149046508eac98880a88a1ca,"938,904",0,15,24
0xEb1D1BE2FE7291E1Ae0404FbF0405618E20eBE37,0x108f393320a2D18785f11f3a7E17Ea7ABDa5e5CB,"141,753",0,15,24
0xEb1D1BE2FE7291E1Ae0404FbF0405618E20eBE37,0xBd5DE08152cD8f8F91D3B3570A231c66F299475E,"801,452",0,15,24
0xEb1D1BE2FE7291E1Ae0404FbF0405618E20eBE37,0x1a8751a1104d8ef25ca226f6f5c391e9335e42aa,"59,050",0,15,24
0xEb1D1BE2FE7291E1Ae0404FbF0405618E20eBE37,0xd344f5c175934ee5f29573d0407479d3a88972bb,"323,815",0,15,24
0xEb1D1BE2FE7291E1Ae0404FbF0405618E20eBE37,0xc694277e560495eb22439FfAAD486f2C2557919E,"894,329",0,15,24
0xEb1D1BE2FE7291E1Ae0404FbF0405618E20eBE37,0x33c5b73140622F762a1293a470a1ee9dcC85d9CB,"919,804",0,15,24
0xEb1D1BE2FE7291E1Ae0404FbF0405618E20eBE37,0x1fB807FD383D1C491E052B8B625d614965a45d69,"2,700,000",0,15,24
0xEb1D1BE2FE7291E1Ae0404FbF0405618E20eBE37,0x1892284611736593CDe5119A767fa0Ae9F605324,"35,096",0,15,24
0xEb1D1BE2FE7291E1Ae0404FbF0405618E20eBE37,0xcb8427127C693fAB959548C6c4B36F3ce110AEAD,"238,192",0,15,24
0xEb1D1BE2FE7291E1Ae0404FbF0405618E20eBE37,0xcc09eFdFba91Ca6FB266e8F9148748e737ADC54b,"70,000,000",0,15,24
0xEb1D1BE2FE7291E1Ae0404FbF0405618E20eBE37,0xF396D1eFE5473689acf88bafEe41ddB7eC8C3C79,"30,000,000",0,15,24
0xEb1D1BE2FE7291E1Ae0404FbF0405618E20eBE37,0xdD3B37C844e1673208BA13c4b5D2fA8dF9722A0E,"114,041.10",0,15,24
0xEb1D1BE2FE7291E1Ae0404FbF0405618E20eBE37,0xd48E64058cc8eF3AF75073921B2a9cC4Eb5Bf6aB,"500,000",0,15,24
0xEb1D1BE2FE7291E1Ae0404FbF0405618E20eBE37,0x1604929E48Ca9025A37aB58e8a007c14703F3E8c,"250,000",0,15,24
0xEb1D1BE2FE7291E1Ae0404FbF0405618E20eBE37,0x5039729C34B2634A99Ff81EA3826e9e73CAd5398,"2,000,000",0,15,24
0xEb1D1BE2FE7291E1Ae0404FbF0405618E20eBE37,0x8C561a8DeB53CfE4cD95134730530aE8969D3b80,"200,000",0,15,24
0xEb1D1BE2FE7291E1Ae0404FbF0405618E20eBE37,0xD46FC584A26837475A0f065C4994d89f4859273B,"200,000",0,15,24
0xEb1D1BE2FE7291E1Ae0404FbF0405618E20eBE37,0x39890DD6Ce92290d1b124ac56c8571b7A3Bc40B3,"2,000,000",0,15,24
0xEb1D1BE2FE7291E1Ae0404FbF0405618E20eBE37,0xEb1D1BE2FE7291E1Ae0404FbF0405618E20eBE37,"500,000",0,15,24
0xEb1D1BE2FE7291E1Ae0404FbF0405618E20eBE37,0x6aD624975A0D341e7a34678c52D17752D3D57831,"440,000",0,15,24
0xEb1D1BE2FE7291E1Ae0404FbF0405618E20eBE37,0x8cc69602F5964C6D15cFB70cbbe8e0B33B44307f,"500,000",0,15,24
0xEb1D1BE2FE7291E1Ae0404FbF0405618E20eBE37,0xa119D7AEdc787aC77F28f2E6588dc8c19009D6bF,"2,000,000",0,15,24
0xEb1D1BE2FE7291E1Ae0404FbF0405618E20eBE37,0x6a935D5Dc2772B18e3DE69d4Ca775992fB18c843,"3,000,000",0,15,24
0xEb1D1BE2FE7291E1Ae0404FbF0405618E20eBE37,0x6a935D5Dc2772B18e3DE69d4Ca775992fB18c843,"394,737",0,15,24
0xEb1D1BE2FE7291E1Ae0404FbF0405618E20eBE37,0x6a935D5Dc2772B18e3DE69d4Ca775992fB18c843,"52,632",0,15,24
0xEb1D1BE2FE7291E1Ae0404FbF0405618E20eBE37,0x162C0C1a92dD035408C89049D74a2683a09D47b5,"2,000,000",0,15,24
0xEb1D1BE2FE7291E1Ae0404FbF0405618E20eBE37,0x505Ffa6194f6e443b86F2028b2a97A588c17b962,"2,000,000",0,15,24
0xEb1D1BE2FE7291E1Ae0404FbF0405618E20eBE37,0x382eE0af34Fc242602797ca4e49535c5d5cAAa4e,"3,500,000",0,15,24
0xEb1D1BE2FE7291E1Ae0404FbF0405618E20eBE37,0x1c595C975e41e9BD56F5C7b85946Fe399aE1C7F5,"500,000",0,15,24
0xEb1D1BE2FE7291E1Ae0404FbF0405618E20eBE37,0x3f29718F3dA772a0273e6F23429155eC39cd1338,"5,000,000",0,15,24
0xEb1D1BE2FE7291E1Ae0404FbF0405618E20eBE37,0xEb1D1BE2FE7291E1Ae0404FbF0405618E20eBE37,"2,500,000",0,15,24
0xEb1D1BE2FE7291E1Ae0404FbF0405618E20eBE37,0xd763F6744EC94AB5e8dEaC20492f9f0143893807,"2,500,000",0,15,24
0xEb1D1BE2FE7291E1Ae0404FbF0405618E20eBE37,0xEb1D1BE2FE7291E1Ae0404FbF0405618E20eBE37,"6,000,000",0,15,24
0xEb1D1BE2FE7291E1Ae0404FbF0405618E20eBE37,0x38E02a50D0AA18e3Cf5Aa4568CA6e0fF1fa5f0F0,"2,000,000",10.00%,0,20
0xEb1D1BE2FE7291E1Ae0404FbF0405618E20eBE37,0x946618606665C3edFb3C800fEF708591eb35fD17,"394,737",10.00%,0,20
0xEb1D1BE2FE7291E1Ae0404FbF0405618E20eBE37,0x2517E2bf211CbbeA0cE0d055B7af523930eD69a7,"2,763,158",10.00%,0,20
0xEb1D1BE2FE7291E1Ae0404FbF0405618E20eBE37,0xfb4334A5704e29DF37efc9F16255759670018D9A,"789,474",10.00%,0,20
0xEb1D1BE2FE7291E1Ae0404FbF0405618E20eBE37,0x0b73e83a7C330df4d100CA2e3c91f8bBFaE61659,"1,710,526",10.00%,0,20
0xEb1D1BE2FE7291E1Ae0404FbF0405618E20eBE37,0xfCfb5e9d243c862AE7dA3C2f1C10636277728644,"1,973,684",10.00%,0,20
0xEb1D1BE2FE7291E1Ae0404FbF0405618E20eBE37,0x46396764Ed8c873f91e60D4236599577D8e642f5,"263,158",10.00%,0,20
0xEb1D1BE2FE7291E1Ae0404FbF0405618E20eBE37,0x9996394910073CdFE2Fe1b34D478521ed408725F,"526,316",10.00%,0,20
0xEb1D1BE2FE7291E1Ae0404FbF0405618E20eBE37,0x4947f1ca532293bc55501b03c54af583347eb112,"1,052,632",10.00%,0,20
0xEb1D1BE2FE7291E1Ae0404FbF0405618E20eBE37,0xEb1D1BE2FE7291E1Ae0404FbF0405618E20eBE37,"131,579",10.00%,0,20
0xEb1D1BE2FE7291E1Ae0404FbF0405618E20eBE37,0xEb1D1BE2FE7291E1Ae0404FbF0405618E20eBE37,"78,947",10.00%,0,20
0xEb1D1BE2FE7291E1Ae0404FbF0405618E20eBE37,0x7C0fef6c18e8494FFE2669eF691c4E5e8877717F,"78,947",10.00%,0,20
0xEb1D1BE2FE7291E1Ae0404FbF0405618E20eBE37,0x4c7366284d6A7474206DC4B40CeDa5f58d62cCE8,"342,105",10.00%,0,20
0xEb1D1BE2FE7291E1Ae0404FbF0405618E20eBE37,0x51fcf0b787121641aeedd25fc9b75321d563e68f,"105,263",10.00%,0,20
0xEb1D1BE2FE7291E1Ae0404FbF0405618E20eBE37,0xd23A16AA49855440eAb3a39894A3e4f39f8a4Ce3,"394,737",10.00%,0,20
0xEb1D1BE2FE7291E1Ae0404FbF0405618E20eBE37,0x3dfb65035F2648CF5D8EF6DED2694b01509fc408,"131,579",10.00%,0,20
0xEb1D1BE2FE7291E1Ae0404FbF0405618E20eBE37,0xe2C0379F57a26Be3bd58147EC67355d73D30F379,"263,158",10.00%,0,20
0xEb1D1BE2FE7291E1Ae0404FbF0405618E20eBE37,0xD8757d12A5005ec422E78f89dd24034d33cA4447,"157,895",10.00%,0,20
0xEb1D1BE2FE7291E1Ae0404FbF0405618E20eBE37,0xB5b7e0355c354da392DCA1bD7523186c8809dCb0,"526,316",10.00%,0,20
0xEb1D1BE2FE7291E1Ae0404FbF0405618E20eBE37,0xF6BF343A42c27EACe61c9416b810F55E97537872,"342,105",10.00%,0,20
0xEb1D1BE2FE7291E1Ae0404FbF0405618E20eBE37,0x7BB0487dfa260F02Bd0eF9587c20144abdF9DfA7,"131,579",10.00%,0,20
0xEb1D1BE2FE7291E1Ae0404FbF0405618E20eBE37,0x4553eD5d8d3731E629f67BD86abd021175F31848,"394,737",10.00%,0,20
0xEb1D1BE2FE7291E1Ae0404FbF0405618E20eBE37,0x3666700d4C9e08c8762674F716F01694eA4Ac4D3,"131,579",10.00%,0,20
0xEb1D1BE2FE7291E1Ae0404FbF0405618E20eBE37,0x749E7333FC2b1997E546835b6F8353c628121E5a,"131,579",10.00%,0,20
0xEb1D1BE2FE7291E1Ae0404FbF0405618E20eBE37,0x3e4cA0407Add19634A667574135A803E1093Df72,"394,737",10.00%,0,20
0xEb1D1BE2FE7291E1Ae0404FbF0405618E20eBE37,0xEb1D1BE2FE7291E1Ae0404FbF0405618E20eBE37,"131,579",10.00%,0,20
0xEb1D1BE2FE7291E1Ae0404FbF0405618E20eBE37,0xD040De28590bA742997f3023c353A532873E07e2,"131,579",10.00%,0,20
0xEb1D1BE2FE7291E1Ae0404FbF0405618E20eBE37,0xd34F6a034Ce15f956d330852d7b6B2Cf7B598B67,"399,600",10.00%,0,20
0xEb1D1BE2FE7291E1Ae0404FbF0405618E20eBE37,0xfD2381c5bA5962a3FD87Fac674772744b977466E,"394,737",10.00%,0,20
0xEb1D1BE2FE7291E1Ae0404FbF0405618E20eBE37,0xa5866c754e42679d152E4eB33cE1163215Ae1435,"789,474",10.00%,0,20
0xEb1D1BE2FE7291E1Ae0404FbF0405618E20eBE37,0xEb1D1BE2FE7291E1Ae0404FbF0405618E20eBE37,"789,474",10.00%,0,20
0xEb1D1BE2FE7291E1Ae0404FbF0405618E20eBE37,0x0fd244e78575d6252079399a164ffc2f3f178d97,"263,158",10.00%,0,20
0xEb1D1BE2FE7291E1Ae0404FbF0405618E20eBE37,0xEb1D1BE2FE7291E1Ae0404FbF0405618E20eBE37,"65,789",10.00%,0,20
0xEb1D1BE2FE7291E1Ae0404FbF0405618E20eBE37,0x95787c855CE47e28cFe2B0dB38f54b178378cD4D,"210,526",10.00%,0,20
0xEb1D1BE2FE7291E1Ae0404FbF0405618E20eBE37,0x29d6E6B1bF7eeaC4bB87F7D7057A10E4b25A0266,"131,579",10.00%,0,20
0xEb1D1BE2FE7291E1Ae0404FbF0405618E20eBE37,0xb128d6007D5d0e9B341f2C66e9ae482304Fb7FDc,"263,158",10.00%,0,20
0xEb1D1BE2FE7291E1Ae0404FbF0405618E20eBE37,0x06e21F38B0e36E0D2CaBc9208C3bFfbC3504dc7A,"105,263",10.00%,0,20
0xEb1D1BE2FE7291E1Ae0404FbF0405618E20eBE37,0xEb1D1BE2FE7291E1Ae0404FbF0405618E20eBE37,"157,895",10.00%,0,20
0xEb1D1BE2FE7291E1Ae0404FbF0405618E20eBE37,0xAF55Fc9F9D38a9DF6273b60C8f8E4F27F131093D,"184,211",10.00%,0,20
0xEb1D1BE2FE7291E1Ae0404FbF0405618E20eBE37,0x785E92E413D11005F63379d2e2617Caa307c1090,"394,737",10.00%,0,20
0xEb1D1BE2FE7291E1Ae0404FbF0405618E20eBE37,0xEb1D1BE2FE7291E1Ae0404FbF0405618E20eBE37,"526,316",10.00%,0,20
0xEb1D1BE2FE7291E1Ae0404FbF0405618E20eBE37,0xEb1D1BE2FE7291E1Ae0404FbF0405618E20eBE37,"1,000,000",10.00%,0,20
0xEb1D1BE2FE7291E1Ae0404FbF0405618E20eBE37,0x591943D3f9a0Aeb3e349d386Aa7A87a2F6556a1B,"157,895",10.00%,0,20
0xEb1D1BE2FE7291E1Ae0404FbF0405618E20eBE37,0xeDDB00d08022f282A0179cb4c35697F50EF3b138,"65,789",10.00%,0,20
0xEb1D1BE2FE7291E1Ae0404FbF0405618E20eBE37,0x2Cd5BaBF59fC6281Da0d94Eee8179Fef5C810490,"105,263",10.00%,0,20
0xEb1D1BE2FE7291E1Ae0404FbF0405618E20eBE37,0xEb1D1BE2FE7291E1Ae0404FbF0405618E20eBE37,"131,579",10.00%,0,20
0xEb1D1BE2FE7291E1Ae0404FbF0405618E20eBE37,0x1BB100E126fC108074224401E17b782EfF00531F,"52,632",10.00%,0,20
0xEb1D1BE2FE7291E1Ae0404FbF0405618E20eBE37,0x5239C07E7e1963a466Be7f8cE257f2aEe9999690,"263,158",10.00%,0,20
0xEb1D1BE2FE7291E1Ae0404FbF0405618E20eBE37,0x89B974c8108eb81F5974ca2FA9468b7ef74978c1,"394,737",10.00%,0,20
0xEb1D1BE2FE7291E1Ae0404FbF0405618E20eBE37,0xf2813BB3415e59E310dd81a0D4A2812561417ce8,"394,737",10.00%,0,20
0xEb1D1BE2FE7291E1Ae0404FbF0405618E20eBE37,0xaF0Ca98208f4c7516a20D68fb2E076a9b1b1CA32,"263,158",10.00%,0,20
0xEb1D1BE2FE7291E1Ae0404FbF0405618E20eBE37,0x1c595C975e41e9BD56F5C7b85946Fe399aE1C7F5,"263,158",10.00%,0,20
0xEb1D1BE2FE7291E1Ae0404FbF0405618E20eBE37,0x7C7c4408a1B66F72163B455D25a67A313733fa5B,"789,474",10.00%,0,20
0xEb1D1BE2FE7291E1Ae0404FbF0405618E20eBE37,0x82b255e3a6c7f47abca4b7e7940b9a13a15e5a75,"125,000",10.00%,0,20
0xEb1D1BE2FE7291E1Ae0404FbF0405618E20eBE37,0xEb1D1BE2FE7291E1Ae0404FbF0405618E20eBE37,"1,315,789",10.00%,0,20
0xEb1D1BE2FE7291E1Ae0404FbF0405618E20eBE37,0x3711b24DE715E574CFBb81ABA1323DEc2d7e7557,"131,579",10.00%,0,20
0xEb1D1BE2FE7291E1Ae0404FbF0405618E20eBE37,0xF54A71f540965Fc767bcF22B8E1d70f15E156C5D,"78,947",10.00%,0,20
0xEb1D1BE2FE7291E1Ae0404FbF0405618E20eBE37,0xFDBF0bc29D8Ee85bD612B80d5f36A769f2685CB0,"78,947",10.00%,0,20
0xEb1D1BE2FE7291E1Ae0404FbF0405618E20eBE37,0x1DE9839C1E9E183Ebf50fb10aFa9b3e64D8AaD2F,"131,579",10.00%,0,20
0xEb1D1BE2FE7291E1Ae0404FbF0405618E20eBE37,0xEb1D1BE2FE7291E1Ae0404FbF0405618E20eBE37,"533,333",10.00%,0,20
0xEb1D1BE2FE7291E1Ae0404FbF0405618E20eBE37,0x0036d68CCab1677179cD7A5c8c8568Dc7907eAc8,"131,579",10.00%,0,20
0xEb1D1BE2FE7291E1Ae0404FbF0405618E20eBE37,0xC28013c1D7F0bcbd3ECB4d4926ca36Ee88dF8af2,"75,000",10.00%,0,20
0xEb1D1BE2FE7291E1Ae0404FbF0405618E20eBE37,0xFEDb6FE80752F91ce8cCc2a67289C23B98841291,"25,000",10.00%,0,20
0xEb1D1BE2FE7291E1Ae0404FbF0405618E20eBE37,0x7E1341CA702eeb2cad2c3A6d7C433a6235A24229,"789,474",10.00%,0,20
0xEb1D1BE2FE7291E1Ae0404FbF0405618E20eBE37,0xd9f6F7Fb91d7f9C453A052eF0d20d63e29ec6b1A,"50,000",10.00%,0,20
0xEb1D1BE2FE7291E1Ae0404FbF0405618E20eBE37,0x22f7188311fD99E8E2C3B57472b85eb75aB28c02,"37,500",10.00%,0,20
0xEb1D1BE2FE7291E1Ae0404FbF0405618E20eBE37,0x7b2c661cbd2d85bca3ac86a7a04ef05dc2558898,"75,000",10.00%,0,20
0xEb1D1BE2FE7291E1Ae0404FbF0405618E20eBE37,0xF15ACe93Ba23Dd41a49C410b73549FE6Ca4bf865,"25,000",10.00%,0,20
0xEb1D1BE2FE7291E1Ae0404FbF0405618E20eBE37,0x574847Cd5D360a0aa6cA1F2e80A548279c37D328,"25,000",10.00%,0,20
0xEb1D1BE2FE7291E1Ae0404FbF0405618E20eBE37,0xa0AFd866491874968dc564DB5Aa99E5a6433cA8D,"75,000",10.00%,0,20
0xEb1D1BE2FE7291E1Ae0404FbF0405618E20eBE37,0xa50f89381301Decb11F1918586f98c5f2077e3Ca,"75,000",10.00%,0,20
0xEb1D1BE2FE7291E1Ae0404FbF0405618E20eBE37,0x8960bD24D083Ddd6Af40dabf9FD709FbbEA8462C,"50,000",10.00%,0,20
0xEb1D1BE2FE7291E1Ae0404FbF0405618E20eBE37,0xd3a1AD4f432bda630dC4D7C48D0A13c1bCabDb91,"75,000",10.00%,0,20
0xEb1D1BE2FE7291E1Ae0404FbF0405618E20eBE37,0xa02ec42d555ad58c8bb528415aadc5990dddbb88,"25,000",10.00%,0,20
0xEb1D1BE2FE7291E1Ae0404FbF0405618E20eBE37,0x61FCA8B9FaEE583ce62eFb8358d6cd8de47d404b,"25,000",10.00%,0,20
0xEb1D1BE2FE7291E1Ae0404FbF0405618E20eBE37,0x87ABC812aEBAC9DCd417379E5d0d178E504F3D53,"250,000",10.00%,0,20
0xEb1D1BE2FE7291E1Ae0404FbF0405618E20eBE37,0x773D019BDCba8c0CB16D3A02993b3a6f093139c9,"8,333",10.00%,0,20
0xEb1D1BE2FE7291E1Ae0404FbF0405618E20eBE37,0x743A2d2Cee17D4d136376a4a745F8D3d6FE57f99,"16,667",10.00%,0,20
0xEb1D1BE2FE7291E1Ae0404FbF0405618E20eBE37,0x0635F64502c99b946Cd4b2dC1BC26D183D10Dc70,"8,333",10.00%,0,20
0xEb1D1BE2FE7291E1Ae0404FbF0405618E20eBE37,0x3d893c4d092cFB126e5F7474d2F1FB97A11b93C4,"50,000",10.00%,0,20
0xEb1D1BE2FE7291E1Ae0404FbF0405618E20eBE37,0x5cA8d7C2AA8524996c6d11993FB38641Eb375d56,"75,000",10.00%,0,20
0xEb1D1BE2FE7291E1Ae0404FbF0405618E20eBE37,0x0Dceb12e7F804197BFD6395e77577016EE292b00,"25,000",10.00%,0,20
0xEb1D1BE2FE7291E1Ae0404FbF0405618E20eBE37,0xE6901A12ECBA1f95a69b2a46D0B2DF786D20aD5d,"52,631",10.00%,0,20
0xEb1D1BE2FE7291E1Ae0404FbF0405618E20eBE37,0x4b0d8Ae6f7Da9f3c5ff4c100E7FbF38fEb91E673,"78,947",10.00%,0,20
0xEb1D1BE2FE7291E1Ae0404FbF0405618E20eBE37,0xeaaf169d4551132214eac065797fe1aed4e7fe45,"8,333",10.00%,0,20
0xEb1D1BE2FE7291E1Ae0404FbF0405618E20eBE37,0xD7DfD29B6eFEb895C8972DAA5A301AcD76737C28,"166,667",10.00%,0,20
0xEb1D1BE2FE7291E1Ae0404FbF0405618E20eBE37,0x5785C34dF5d07b42C7F4e529fDdEC9cf39a2a97c,"16,667",10.00%,0,20
0xEb1D1BE2FE7291E1Ae0404FbF0405618E20eBE37,0x00A17D77B37B70516D12B43064f3998b2a3dacDe,"16,667",10.00%,0,20
0xEb1D1BE2FE7291E1Ae0404FbF0405618E20eBE37,0xD1735743D466Fa93EAcb5a9b53A518b26BB270D3,"16,667",10.00%,0,20
0xEb1D1BE2FE7291E1Ae0404FbF0405618E20eBE37,0x4f318b8B4a3e1fe4Fc59dAa3D1F1E8C61aB085B9,"70,000",10.00%,0,20
0xEb1D1BE2FE7291E1Ae0404FbF0405618E20eBE37,0xA620ccF0212548765d5Ef5Fc272FF0b4bCe0e96D,"12,500",10.00%,0,20
0xEb1D1BE2FE7291E1Ae0404FbF0405618E20eBE37,0x637D2E60DA55F8fAAA0c00Ed5AeA00a05383D2ca,"16,666",10.00%,0,20
0xEb1D1BE2FE7291E1Ae0404FbF0405618E20eBE37,0xfCfb5e9d243c862AE7dA3C2f1C10636277728644,"1,875,000",10.00%,0,20
0xEb1D1BE2FE7291E1Ae0404FbF0405618E20eBE37,0x148DD462b59D70862a08D1862a53CeCA2D58fB6d,"16,666",10.00%,0,20
0xEb1D1BE2FE7291E1Ae0404FbF0405618E20eBE37,0x2364797FDA4928016e631aDf65e532a941c86AFd,"25,000",10.00%,0,20
0xEb1D1BE2FE7291E1Ae0404FbF0405618E20eBE37,0x039255900459494dfc2CA8710801e06c2c870097,"25,000",10.00%,0,20
0xEb1D1BE2FE7291E1Ae0404FbF0405618E20eBE37,0x1fBDCdb786B411e0427188b048Cd43188C61E5e4,"33,333",10.00%,0,20
0xEb1D1BE2FE7291E1Ae0404FbF0405618E20eBE37,0x9E8A0D9507295975BCD07De38F946c7a25327825,"50,000",10.00%,0,20
0xEb1D1BE2FE7291E1Ae0404FbF0405618E20eBE37,0xEB0A9b2275D77e4e8E69eD99045714062c4448F2,"8,333",10.00%,0,20
0xEb1D1BE2FE7291E1Ae0404FbF0405618E20eBE37,0x8ae5C57f97d1129FbabAD736cB4d6Fc3Ef1A56b7,"657,895",10.00%,0,20
0xEb1D1BE2FE7291E1Ae0404FbF0405618E20eBE37,0xEb1D1BE2FE7291E1Ae0404FbF0405618E20eBE37,"2,500,000",10.00%,0,20
0xEb1D1BE2FE7291E1Ae0404FbF0405618E20eBE37,0xcabb5f4b431d5026f8be88e69fd22272b3891b0b,"394,737",10.00%,0,20
0xEb1D1BE2FE7291E1Ae0404FbF0405618E20eBE37,0xfb4334A5704e29DF37efc9F16255759670018D9A,"657,895",10.00%,0,20
0xEb1D1BE2FE7291E1Ae0404FbF0405618E20eBE37,0x9996394910073CdFE2Fe1b34D478521ed408725F,"526,316",10.00%,0,20
0xEb1D1BE2FE7291E1Ae0404FbF0405618E20eBE37,0x63D77cF9efC065bfFa620b8D8434E8E453df9FBC,"1,000,000",10.00%,0,20
0xEb1D1BE2FE7291E1Ae0404FbF0405618E20eBE37,0x6C950328186a1bE3315f228EC4159748dD23a1BB,"394,737",10.00%,0,20
0xEb1D1BE2FE7291E1Ae0404FbF0405618E20eBE37,0xa119D7AEdc787aC77F28f2E6588dc8c19009D6bF,"2,000,000",10.00%,0,20
0xEb1D1BE2FE7291E1Ae0404FbF0405618E20eBE37,0x53bc911B4D20b22379f89B198b9554b2c70C6FE9,"526,316",10.00%,0,20
0xEb1D1BE2FE7291E1Ae0404FbF0405618E20eBE37,0xEb1D1BE2FE7291E1Ae0404FbF0405618E20eBE37,"789,474",10.00%,0,20
0xEb1D1BE2FE7291E1Ae0404FbF0405618E20eBE37,0xf05A8f54dCF06f6537f03902cdc2d49D27688c88,"1,314,474",10.00%,0,20
0xEb1D1BE2FE7291E1Ae0404FbF0405618E20eBE37,0x3dfE840869F6A11acC4C8c59A827671320549532,"131,579",10.00%,0,20
0xEb1D1BE2FE7291E1Ae0404FbF0405618E20eBE37,0xf5666948A3fF867196472c174459Ee75eeF1adb4,"157,894",10.00%,0,20
0xEb1D1BE2FE7291E1Ae0404FbF0405618E20eBE37,0xD4d8D9Bca02A8Df7bF9323a359b03d48A05251A4,"1,315,789",10.00%,0,20
0xEb1D1BE2FE7291E1Ae0404FbF0405618E20eBE37,0x57e029A25B16A20f9D3163Cbd6954eaE69bfB91F,"1,250,000",10.00%,0,20
0xEb1D1BE2FE7291E1Ae0404FbF0405618E20eBE37,0xd9688cadA30279d7C2F6B73ae82406aa79669A4a,"1,250,000",10.00%,0,20
0xEb1D1BE2FE7291E1Ae0404FbF0405618E20eBE37,0xC03265C9a398Ff17913ad5b04DE16d9b525275D4,"789,474",10.00%,0,20
0xEb1D1BE2FE7291E1Ae0404FbF0405618E20eBE37,0xEb1D1BE2FE7291E1Ae0404FbF0405618E20eBE37,"26,316",10.00%,0,20
0xEb1D1BE2FE7291E1Ae0404FbF0405618E20eBE37,0xf070f51f0CA84B2f0fA1b7cCc1C6760C0cc2B1af,"394,737",10.00%,0,20
0xEb1D1BE2FE7291E1Ae0404FbF0405618E20eBE37,0xEb1D1BE2FE7291E1Ae0404FbF0405618E20eBE37,"210,526",10.00%,0,20
0xEb1D1BE2FE7291E1Ae0404FbF0405618E20eBE37,0x91555336228b20c98589cDEd446AaBd1a3215F4F,"131,579",10.00%,0,20
0xEb1D1BE2FE7291E1Ae0404FbF0405618E20eBE37,0x83948d4d3366B32a7f56BE6B705c3Ce229a36b79,"83,333",10.00%,0,20
0xEb1D1BE2FE7291E1Ae0404FbF0405618E20eBE37,0x2299DaC5a1e31AFF58F50e5aBDb7c14E9ee0d4Aa,"191,667",10.00%,0,20
0xEb1D1BE2FE7291E1Ae0404FbF0405618E20eBE37,0x976e216a7aADcC6DD8fBc2B3017D8796aD3CC21d,"33,333",10.00%,0,20
0xEb1D1BE2FE7291E1Ae0404FbF0405618E20eBE37,0x3B178D034Bb534F49a998Fe82dfb2407975C183b,"33,333",10.00%,0,20
0xEb1D1BE2FE7291E1Ae0404FbF0405618E20eBE37,0xfC663B8e5ec9f5DD2e358B34Ff448B564CC43ba6,"8,333",10.00%,0,20
0xEb1D1BE2FE7291E1Ae0404FbF0405618E20eBE37,0xDBB44026de5d4437E0a6Ca536A8840D53D2E6Bc2,"8,333",10.00%,0,20
0xEb1D1BE2FE7291E1Ae0404FbF0405618E20eBE37,0xfCA0c909c5Bf8fcFF8354F4360FDD45Ae2691b90,"8,333",10.00%,0,20
0xEb1D1BE2FE7291E1Ae0404FbF0405618E20eBE37,0x25687b666D6A6e1b0e546F371C69F713FeFe363D,"16,667",10.00%,0,20
0xEb1D1BE2FE7291E1Ae0404FbF0405618E20eBE37,0xdc753D6dC51B095c0e9BdCc83B8F74E2C3eC6188,"8,333",10.00%,0,20
0xEb1D1BE2FE7291E1Ae0404FbF0405618E20eBE37,0xF91B54E99bf3c8028ffA690f664897FA0f1212C1,"8,333",10.00%,0,20
0xEb1D1BE2FE7291E1Ae0404FbF0405618E20eBE37,0xB4273e47E43983DDcd840F3A1528565F7E0d80Cb,"8,333",10.00%,0,20
0xEb1D1BE2FE7291E1Ae0404FbF0405618E20eBE37,0x2c5976418660edC37448176BC931eB108Eeb951B,"8,333",10.00%,0,20
0xEb1D1BE2FE7291E1Ae0404FbF0405618E20eBE37,0x44617Ac4541C0A9323269B4eEB61a6e56DDf92ed,"16,667",10.00%,0,20
0xEb1D1BE2FE7291E1Ae0404FbF0405618E20eBE37,0xAd4887e50Dd26079793eaF133DF48324254B51a7,"8,333",10.00%,0,20
0xEb1D1BE2FE7291E1Ae0404FbF0405618E20eBE37,0x2A0Aa8708E71960fC5358686B6CD7E95f21f2044,"8,333",10.00%,0,20
0xEb1D1BE2FE7291E1Ae0404FbF0405618E20eBE37,0xa23E10acd274FE0BF38Ff1EB7001a20a322491fD,"16,667",10.00%,0,20
0xEb1D1BE2FE7291E1Ae0404FbF0405618E20eBE37,0x013e01AFB52005a4056052F17676fc1DED997D21,"8,333",10.00%,0,20
0xEb1D1BE2FE7291E1Ae0404FbF0405618E20eBE37,0x38E06Cad1c74E5233AEd8da09F707CBCbeC2B54F,"8,333",10.00%,0,20
0xEb1D1BE2FE7291E1Ae0404FbF0405618E20eBE37,0xD6ab48A1379FE3e8E88c19857e18562a488ddf6A,"8,333",10.00%,0,20
0xEb1D1BE2FE7291E1Ae0404FbF0405618E20eBE37,0x0777832795d856711e8474bA63f9FAeF71467775,"8,333",10.00%,0,20
0xEb1D1BE2FE7291E1Ae0404FbF0405618E20eBE37,0x5d335A726826602c3dD775690E31e34de071F8bb,"8,333",10.00%,0,20
0xEb1D1BE2FE7291E1Ae0404FbF0405618E20eBE37,0x03c61dF59e2FBa81B2a45eaa769df05436E03848,"16,667",10.00%,0,20
0xEb1D1BE2FE7291E1Ae0404FbF0405618E20eBE37,0x1f26291D81C472A2Ccfa474733E56FA5e2B13cB0,"50,000",10.00%,0,20
0xEb1D1BE2FE7291E1Ae0404FbF0405618E20eBE37,0xC37424d17B2BC9611F44d06bb428dBc286362af0,"16,667",10.00%,0,20
0xEb1D1BE2FE7291E1Ae0404FbF0405618E20eBE37,0xFF8DF0759B48a3B1f73170d3573e32684Facec20,"16,667",10.00%,0,20
0xEb1D1BE2FE7291E1Ae0404FbF0405618E20eBE37,0xB694E4D874e4291694D8957A8905129B1449C396,"75,000",10.00%,0,20
0xEb1D1BE2FE7291E1Ae0404FbF0405618E20eBE37,0x637D2E60DA55F8fAAA0c00Ed5AeA00a05383D2ca,"16,667",10.00%,0,20
0xEb1D1BE2FE7291E1Ae0404FbF0405618E20eBE37,0xB9744eA3d36B2Ee72EF11aeE390B7dd8c245891F,"50,000",10.00%,0,20
0xEb1D1BE2FE7291E1Ae0404FbF0405618E20eBE37,0x1A7769F596890879DF7a6EeA9F4a4140e5C79bA3,"7,500,000",0,1,24
0xEb1D1BE2FE7291E1Ae0404FbF0405618E20eBE37,0xb17F2B96d215d4CB589fA5BB58c6505f209da5d0,"8,125,000",0,1,36